Matched nick	Level	Country	Is Payer	Duplicate?
				
				
				
TheArckgod	99	GR	Yes	
lokirage	59	PL	Yes	
Vermilion	2	UA	No	
FatBuu	81	US	Yes	
kazi77	108	GB	Yes	
				
ShiroYuko	71	CZ	Yes	
				
The-one	2	CN	No	
MrTroyMan	90	ZA	Yes	
Durt Baghe	104	US	Yes	
l3eyblade	110	BR	Yes	
Eusderf	43	AU	Yes	
				
MuckleSwazzy	46	GB	Yes	
Kierieklapper	66	ZA	Yes	
Adas_snaj	21	PL	Yes	
Cronenburg	88	AU	Yes	
ImSTK	50	FR	Yes	
				
Vermilion69	34	US	No	
HuongThaoCutie	108	VN	Yes	
Chromacron	93	AT	Yes	
				
EXD_BRYAN34	43	ES	Yes	
Tasta260	110	NO	Yes	
				
Flyaum	110	DE	Yes	
ElfyFrost	22	AU	No	
Bramahi-mahi	100	ID	Yes	
VM_NPWP	110	ID	Yes	
				
Whitey614	56	US	Yes	
ZVK153	69	PL	Yes	
bona	4		No	
Ryguy4104	41	US	No	
				
Captaineuro3989	82	SE	Yes	
T00CHY	109		Yes	
Official_Airwolf	84	DE	Yes	
PengedarSapu	63	ID	Yes	
gcalberto	110	BR	Yes	
				
Victor_Tidehunter	83	RO	Yes	
Sir_Sharkie	83	US	Yes	
Bloh	95	PL	Yes	
AlexSoft	105	UA	Yes	
				
bwojo122	42	US	Yes	
OPPIES1	110	ZA	Yes	
Caknarfisherman0.2	33	ID	No	
PoProstuLis87837	36	PL	No	
DanRance12	76	AU	Yes	
BuzzaBoss	104	AU	Yes	
RafaLott	110	BR	Yes	
ItzPedro2401	110	PT	Yes	
Punisher2274	84	ZA	Yes	
Broken_Sully	88	GB	Yes	
hikup_Wrt	26	BE	Yes	
ScummyLIVE	99		Yes	
QuickRodGuru-Ozz	105	US	Yes	
guga08	77	BR	Yes	
MirekParker	49	PL	No	
TheFatman	87	AT	Yes	
HarrisHawk91	80	GB	Yes	
VM_Veiin	104	ID	Yes	
Snow_0722	28	US	No	
				
La_Patate_Fr	60	FR	Yes	
VerdantPerchDaddy	102	US	Yes	
Updated Version	56	US	Yes	
ForeverNewbie	76	MY	Yes	
Verstappen	1	TR	No	
QuiZen76	87	FR	Yes	
Basketball2k864	86	US	Yes	
xrror	52		Yes	
syn.fp	83	US	Yes	
Midnightoker940	70	AU	Yes	
kermek123123	88	PL	Yes	
2SlimTim	98	CA	Yes	
AttyX666	86	HU	Yes	
BeastMaster6673	103	US	Yes	
FisherDolmas	77	GR	Yes	
elmiedoso31	35	ES	No	
aqilpro	41	MY	No	
				
KarolKARP	100	PL	Yes	
17BabyYoda03	85	UA	Yes	
Patrick53079	93	US	Yes	
turboinducted	110	US	Yes	
				
Hunterstar837	48	DE	Yes	
FischHunter90	87	DE	Yes	
Difegliano	101	DE	Yes	
				
Wolf--Mistress	110	FR	Yes	
				
perkey	83	DE	Yes	
				
Dubz_iNsTiNcTz	72	GB	Yes	
BottiMara	98	FI	Yes	
xX13DeadP0oL13Xx	91	US	Yes	
MujStaryToFanatykWendkarstwa	75	TR	Yes	
Eightnbait	90	US	Yes	
nildyan	53	PH	Yes	
cappe1173_	66	SE	Yes	
MonstaFishing	68	PH	Yes	
EpsilonJ13	21	AU	No	
Grandpapa62	90	CA	Yes	
				
RodinDeMiner	33	NL	Yes	
DrewTheAnglerV2	101	PH	Yes	
Suuker	103	ES	Yes	
				
GeneralRD	64	ES	Yes	
Kusuu__	77	PL	Yes	
LZ23J7KS	110	PL	Yes	
				
butterig_Insel	54	DE	No	
DriftMonkey5750	81	GB	Yes	
				
Badger3297	106	US	Yes	
Caveman95	70	GB	Yes	
				
				
Fishing_Chow	110	NL	Yes	
ste170787	104	IT	Yes	
JFrost136	68	ZA	Yes	
BMAYS007	110	US	Yes	
Pangara_F	81	ID	Yes	
PrecedentWord1	110	US	Yes	
Derpy_derg20	46	AU	Yes	
Jakub_Vagner_CZ	108	PL	Yes	
Silverwolf1887	95	US	Yes	
Radu05	103	IT	Yes	
				
Abyss666	50	GB	Yes	
Daemon-313	102	GB	Yes	
				
tuffboi67	17	DE	No	
schexmix98	91	US	Yes	
ajirasta08-SIDATZEUS	100	ID	Yes	
bdmc	50	CA	Yes	
m1ghtyr1ce	86	CA	Yes	
DanteM321	107	ZA	Yes	
tonymathy	64	VN	Yes	
SteepledPizza84	110	GB	Yes	
Grinrod	87		Yes	
Graysky1978	108	IT	Yes	
MSgaming62	53	FR	Yes	
Pugton	103	US	Yes	
schexmix98	91	US	Yes	DUPLICATE
PescadeitorFracasadeitor3000	31	AR	No	
PbIBa4eK-B-LoDkE	100	UA	Yes	
RyszardSzponter	100	PL	Yes	
Bope1984	89	IT	Yes	
				
unpiw	102	ID	Yes	
Redraven68	70	US	Yes	
Sailnshebe	51	CA	Yes	
goldarion	110	ID	Yes	
Pike.07	73	FR	Yes	
bra_mik41	56	FI	Yes	
G-DOT-BOSSMAN	83	GB	Yes	
				
MisterBlueFin	110	US	Yes	
				
AlexBrivs	110	GB	Yes	
XchubQcX	68	CA	Yes	
KWCALL2009	110	US	Yes	
				
ChillAlexWorld	32	RO	No	
				
				
KUBOWSKI GOL	93	PL	Yes	
PKOne_official	106		Yes	
Nat Pangle	65	GR	Yes	
Ortofrutta	89		Yes	
Moses	3		No	
X4Gaming	99	GB	Yes	
BlackyLuke	83	DE	No	
FIxieIsMonk	65	AU	Yes	
Martin_Tarariro	65	AR	No	
aussie10475	64	CA	Yes	
TisIPickles	34	US	Yes	
ShayArson	75	US	Yes	
SuperWarrior627	99	US	Yes	
				
Crison9	101	ES	Yes	
				
				DUPLICATE
				DUPLICATE
Patriots_Fan2014	107	US	Yes	
DouglasMocz	110	BR	Yes	
PaksiwNiDrei	57	PH	No	
Tristonio16	86	GB	Yes	
Malviere	37		Yes	
DAVIDiLYNCH	107	PL	Yes	
rollefox	109	DE	Yes	
LONESTARBLUE	108	US	Yes	
J4kubson	110	PL	No	
TwiggyTristen	110	US	Yes	
navtrethegreat	58	CA	No	
kepersonn	93	PL	Yes	
VIETNAMxXx	91	JP	Yes	
O7_Mbudz	108	ID	Yes	
GraybeardEthics	90	CA	Yes	
				
D3W	63	TH	No	
AnarchyDGAF	100	US	Yes	
FP_MasterGamer	110	DE	Yes	
Nikkeus87	82	FI	Yes	
Smygel	65	US	No	
Hardus555	78	ZA	Yes	
honey_sook	89	AU	Yes	
PFG_radioheadwires	63	US	Yes	
Br00ther7	95	US	Yes	
Kahouette	84	FR	Yes	
Scoobydoo5291	78	GB	Yes	
ULAT	110	MY	Yes	
campi124	96	GB	Yes	
DSX DREAMZ	79	US	Yes	
TwiggyTristen	110	US	Yes	DUPLICATE
Darkev_21	110	FR	Yes	
MIGHTYARGYLE165	65	GB	Yes	
iiTzDRFTz	92	NZ	Yes	
FarmingTrucker74	99	US	Yes	
				
Alkazar719	85	US	Yes	
DarkPass77	110	CA	Yes	
MystiqueFoxy	81	ZA	Yes	
				
FrugoAZM	110	PL	Yes	
ScreamingWhale	89	DK	Yes	
				
Xx XAgAiNX xX	105	NL	Yes	
C_J_92	27	GB	Yes	
RosUnbent	110	UA	Yes	
				
Kevyn62	36	FR	No	
LE-PINPIN-COMMUN-DE-ST_JEAN-1	110	FR	Yes	
DemonChick-018	109	ZA	Yes	
TheEnty05	102	ES	Yes	
Neslo1	96	MY	Yes	
PapillonSerge	100	BE	Yes	
Taha351992	45	TR	No	
				
fewein	75	UA	Yes	
FOGGIA1920	110	IT	No	
				
xXoMERLINoXx	110	US	Yes	
AS_Heniek_Tgk	106	PL	Yes	
MrPandaEatsBrain	81	UA	Yes	
AItaricaFP	105	UA	Yes	
mescabug	87	CA	Yes	
ZottSahne89	83	DE	No	
AdrianE22	57	SE	Yes	
Villzz	72	PL	No	
VaperHunter	105	TR	Yes	
HaLiax	110	TH	Yes	
Astermaster	102	IT	Yes	
Kedadd	39		Yes	
Perfect_dutchy	110	NL	Yes	
king-Gc93	80	FR	No	
UCHIHA_BAYU	100	ID	Yes	
Babrnoch	69	CZ	No	
tribute17	102	US	Yes	
Nankrepal	101	MY	Yes	
Fibalipasos6	70	PL	Yes	
dogofisherman-4	36	SI	No	
tibcsi82	110	HU	Yes	
Walshyy90	110	IE	Yes	
				
Twillie	17	US	No	
RmFik	110	IS	Yes	
alepez	108	AR	Yes	
PestisDoktor	91	HU	Yes	
				
ORimvis_560	103	GB	Yes	
highgamer3421	51	EE	Yes	
Jo_SWEDEN17	86	SE	Yes	
				
TravisT	110	US	Yes	
MrDB78	109	IT	Yes	
Darth Imperatus	110	US	Yes	
Dark88c7	104	IT	Yes	
Zoedachi	85	VN	No	
Errenn	90	ID	Yes	
damocv	58	GB	Yes	
finn030.12	95	DE	Yes	
Hizzy1	72	MY	Yes	
AnglerApaYa	94	ID	No	
hawke7	107	MY	Yes	
xCharkey35	35	CA	No	
timetopopo	70	SG	Yes	
Baked_bean1123	84	US	Yes	
MR BARD1944	110	BR	Yes	
Pablo2137222	81	PL	Yes	
				
RogueRider	101	BR	Yes	
Humbertinho_game	53	BR	Yes	
				
SkinnyWhitePimp	85	CA	Yes	
DaddyApache	110	US	Yes	
DaenerysTargaryen-VII	100	ID	Yes	
A00_Vince	101	IT	Yes	
Sylphynford14	73	ID	Yes	
Prodank	83	RO	Yes	
captcraze	75	US	Yes	
RexCarver	41	US	Yes	
Misacek0	55	CZ	Yes	
Salric-26	109	CO	Yes	
wartuner	2		No	
Annreii	105	JP	Yes	
Milek329	34	PL	Yes	
csabi10	110	HU	Yes	
DESTROY_62120	109	FR	Yes	
Togishere	50	US	Yes	
				
ballinxaz	49	US	Yes	
JAugusto77	106	BR	Yes	
ellgringo1983	110	LU	Yes	
just1humu	61	US	Yes	
Teamankung	32	TH	No	
Edgewater-1970	110	US	Yes	
ruato	110	FI	Yes	
TheMarce33	110	CA	Yes	
eKO_o	105	ES	Yes	
				DUPLICATE
SELVA87	92	IT	Yes	
tiagocorradini	110	BR	Yes	
Eanruig	99	GB	Yes	
LullaCry	73	GT	No	
				
Flow2me	97	NL	Yes	
Im4eRePaSHKa	69		No	
CosmicSledge	106	ZA	Yes	
Lucapicc	26	IT	No	
James-VX9-	92	US	Yes	
Dafesa	88	CR	Yes	
oempie	96	US	Yes	
blackmambasnakekill	83	US	Yes	
Slayz7	25	FR	No	
MIKEFOGLESTINE	109	US	Yes	
				
Marius	3		No	
MinaKiMiko1	97	TH	Yes	
trout2king	110	AU	Yes	
Javiersann16	70	MX	No	
WhiteTrout007	100	TH	No	
PH_XyRyX	97	BE	Yes	
Aztrology	41	ID	Yes	
Gzeuce	43	FR	Yes	
YIYO824C	110	ES	Yes	
Slick_Shot_21	82	GB	Yes	
				
Eryka	94	HU	Yes	
				
Zlayer95	7	US	No	
Cycopious	89	US	Yes	
Veey4	93	AR	Yes	
CGHoopes	83	US	Yes	
Ash-themaster14	78	US	No	
				
mejilloncito	107	FR	Yes	
LIBRAx1517	50	US	Yes	
				
				
Elijah32	96	US	No	
PelagicChaser	80	US	Yes	
Siilent_Ways	89	US	Yes	
telatnayir66	95	TR	Yes	
TPBCrazyCar	100	US	Yes	
DaenerysTargaryen-VII	100	ID	Yes	DUPLICATE
billy_herrington69	59	UA	Yes	
				
General_Soul970	93	DE	Yes	
b2c41	80	FR	Yes	
badassredck	100	US	Yes	
X-Series_Rodrigo	104	PT	Yes	
gordo2859	38	CA	Yes	
VanFisherman1337	58	UA	Yes	
Prof.Snape	108	CA	Yes	
ValentinNed	89	DE	Yes	
NickGreken	94	SE	No	
ezrayk	40	US	No	
Delboy7676	104	GB	Yes	
DawnShrek	42	PT	Yes	
				
				
TuanDuySeafood	99	VN	Yes	
Gamerzetrue	47	UY	Yes	
krozhin	91	SE	Yes	
PHemiT	105	IT	Yes	
Jack1314	106	GB	Yes	
				
stancelad	28	NZ	No	
legbo_d	100	UA	Yes	
				
VileVicky	70		Yes	
SeriousFaceOP	43	US	Yes	
KiKuni	53	PL	Yes	
Siennasteak135	18	SE	Yes	
mitiks_22	52	PL	Yes	
Greycrescent	48		Yes	
JustTheDude	58	US	Yes	
				
VikingFisher86	89	TG	Yes	
JanHansen	105	DK	Yes	
Beanzy	110	GB	Yes	
xLyrusx	69	EC	Yes	
Mpikefishing	54	PL	Yes	
ALEGRETTE	107	BR	Yes	
				
rcmm	108	PT	Yes	
AlienDoge698407	68	GB	Yes	
dziadekG70	110	PL	Yes	
PTSDSoldier77	108	US	Yes	
Aqua_Spirit	109	UA	Yes	
BowlerGaming948	106	US	Yes	
arenken_27	54	US	Yes	
				
Elisa82a	33	ID	No	
				
peppiazzopardi	27	MT	No	
IDONTWIN1924	98	GB	Yes	
Blaze	3		No	
Adiwern1982	94	DE	Yes	
Lutya	29	RU	No	
MendedManatee07	100	US	Yes	
Diegosouza99950	53	BR	Yes	
ya-mame	101		No	
Pecorino	60	ID	No	
				
Dux	2		No	
				
Panteralandia	57	US	Yes	
Krol_An	88	PL	Yes	
COCA1N3	75	PL	Yes	
LizardATwar	110		Yes	
TS_Cruiser	110	JP	Yes	
Madbotanyferret	99	US	Yes	
La_Sudiste_du_1.618	78	FR	Yes	
SalmonHammond420	62	US	Yes	
DarthAwesome	101	SE	Yes	
				
PirateFishing	85	FR	Yes	
rontti56	110	FI	Yes	
KPAZ05	102	HN	Yes	
Vojelly	110	US	Yes	
				
				
GUANAJUATO.MEXICO	76	MX	Yes	
BallisticBow123	102	US	Yes	
MRS	3		No	
pencopet_professional	39	ID	Yes	
xray849	60	ZA	No	
				
bolognatortoise	99	US	Yes	
smiler1954	108	GB	Yes	
				
AS_Wilqs	110	PL	Yes	
KingOfIce	91	FR	Yes	
Lethal Sons	108	FR	Yes	
Don__Kaos90	105	IT	Yes	
				
Iosif_Brodskiy	67	UZ	Yes	
aug0297	32	US	Yes	
jasiekgaming	84	PL	Yes	
ShadowWolfMage	58	US	Yes	
NickleFritz	72	US	Yes	
Ashtar	100	KZ	Yes	
				
MR.QuE0O	95	VN	Yes	
revotoro21	24	SE	No	
sharkhunter222	53	GB	No	
BatteMrBrams	93	FR	Yes	
Shojikina	74	HU	Yes	
Chewy2490	72	GB	Yes	
Rentoad	76	ID	Yes	
GALAXYXFORCE722	100	FR	Yes	
SpookieWookie	35		Yes	
MZ1909	92	DE	Yes	
GiganticBarnacleKozak	98	TR	Yes	
				
fumbles80	80	GB	No	
serpikko	61	IT	Yes	
thugkenndogg	104	US	Yes	
Katssuuuu	42	UA	Yes	
lisarob	25	IT	Yes	
Lilianna	2	DK	Yes	
				
Dwallitus	110	FR	Yes	
SandyLOVFesin	108	IN	Yes	
				
Franz-Feeder	110	IT	Yes	
rook[GER]	93	DE	Yes	
Iron_ReaP3r	57	US	Yes	
JzSage	73	US	Yes	
				
CeoPerantauLaut	103	MY	Yes	
ufyu__	66	US	Yes	
suckerfishgameing	81	US	Yes	
fish-destroyer4	42	GB	Yes	
karpik1234	6	PL	No	
				
				
EBH PHOENIXA	55	US	Yes	
TiagoDelas08	59	PT	Yes	
AsteraFP	85	US	Yes	
Mr_Traszka	71	PL	Yes	
DagheXMunegu	110	FR	Yes	
Teuzin k9	110	BR	Yes	
TheRealMatrix	45	US	Yes	
Jbird-Mnstrek	101	US	Yes	
SpirantParrot45	73	US	Yes	
baz8034	62	GB	Yes	
Reptileboy8020	85	US	Yes	
voidtv26	55	IN	Yes	
beezy208	101		Yes	
Spookylogikal	25	GR	No	
nefroxx10	56	AR	Yes	
DavecusPrime	59	US	Yes	
				
TONIO22_X-Series	106	FR	Yes	
				
				
demianx3	58	AR	Yes	
nM.Stepotronic	94	DE	Yes	
Den_Nesta	83	NL	Yes	
dude90	58	ZA	Yes	
THE-Xx-UMBRE-xX	100	CL	Yes	
				
tsukuyxmi	110	UA	Yes	
Alvarox100	26	MX	No	
holyfelf	26	GB	No	
Estep	84	US	Yes	
SpiritedBarnacleWarlord	84	NL	Yes	
Feleflix	23	DE	Yes	
Saez1994	94	ES	Yes	
CheZterX	73	TH	Yes	
Antares_BTB	110	PL	Yes	
NMPhiDelt708	102	US	Yes	
				
fishstick123	108	MY	Yes	
kialq	45	PL	Yes	
DackelGamerHD	92	DE	Yes	
BuggCityEnt	65	US	Yes	
				
PizzaPepp	64	BE	Yes	
Stryker_84	86	UA	Yes	
Pollox12	26	MX	No	
				
1MoDY1	109	EG	No	
ShoebillFisher3	49	US	Yes	
Lil Cousin	32	CA	Yes	
Padok_VT	106	BG	Yes	
				
spudsta	72	US	Yes	
Acceleon	95	ID	Yes	
Swindy02	25	SE	No	
DeaserMK2	81	GB	Yes	
				
Pengunjunhandal69	39	MY	Yes	
yukihiko78	107	JP	Yes	
TenchRay	55	ID	Yes	
Bovineslap	102	US	Yes	
WeedlessWillie	70	CN	No	
SpecialGamer87	86	GB	Yes	
Juicy	34		Yes	
CND_Marksmen	81	CA	Yes	
BlackBassBuster64	95	US	Yes	
lordfudgeem	52	US	Yes	
TelescopicRod	108		Yes	
mickaB	55	FR	Yes	
demonicdragon	97	GB	Yes	
FliXeRiS	11	LT	No	
Gut	9		No	
96Patryk	100	PL	Yes	
RFF-Tomtheflush	109	GB	Yes	
				
DONY2662	110	IT	Yes	
Ala Montana	97	GB	Yes	
best_vindu	100	AR	Yes	
S1KRRDream	23	CA	Yes	
Tim_Tohan	26	US	Yes	
trickertahegao	78	UA	Yes	
Kafik	82	PL	Yes	
BadgerBaba12	110	US	Yes	
gsygod12331	83	GG	Yes	
Boon62	110	FR	Yes	
				
				
Jim_Myers_1975	64	US	Yes	
S4MU3L3219	55	GB	Yes	
Skallagoo	101	CA	Yes	
				
TheDaddyGamerYOUTUBE	109	ES	Yes	
JUANSHOULDINER	57	CO	No	
Phattcat	98	GB	Yes	
Tha dooo4521	60	US	Yes	
Sassman	2	DE	No	
KTMO88	81	US	Yes	
SkIeThOm	21	ZA	No	
JacolinPotato	84	GB	Yes	
ZAINNA	98	ID	Yes	
				
Pops1823	85	US	Yes	
Greenz	93	US	No	
Exono1	16	GB	Yes	
taruMR11	100	AR	No	
Xatxotoni	100	ES	Yes	
no.pvp.ok	100	TH	Yes	
gooner_legend21	30	CY	Yes	
XxDAMIAN190	78	ES	Yes	
hopp	92	CA	Yes	
EL_SALTINE	73	US	Yes	
srdr1977	107	TR	Yes	
LOGANG100	76	US	Yes	
Lomito	54	AR	Yes	
CactusKing27	109	US	No	
				
looleouf44	110	FR	Yes	
Piesior	81	PL	Yes	
kZsolt18	97	HU	Yes	
genekastner	86	US	Yes	
CP_DuduBeder	110	BR	Yes	
VIKLAG57	102	UA	Yes	
NanyaAjaDiBecandain	87	ID	Yes	
vodou61	103	US	Yes	
nd1245	21	US	No	
Profised	32	UA	Yes	
FishermanSumpt	55	US	Yes	
Tarkkis96	36	FI	Yes	
ReturnofBob	64		Yes	
pnwbuddy	68	US	Yes	
rom4ik001	62	UA	Yes	
zoerogamer	4	BR	No	
				
Batiar	72	UA	Yes	
RowdyWs671017	39	US	Yes	
kost1950	81	UA	Yes	
				
Phoxinus	109	GB	Yes	
BassMasterGumer	76	US	Yes	
VGB_Luc	110	IT	Yes	
Wk0lbh1k	110	RU	Yes	
turbolufc1	56	GB	Yes	
FU_Berto56	104	US	Yes	
				
Viktor_Jung	110	UA	Yes	
ReggieCarter	90	RU	Yes	
rabolio41100	108	FR	Yes	
D4rkzge	72	BR	Yes	
ToxicVampire33	60	CA	Yes	
Kevril	103		Yes	
Niszczycielswiatow123	61	PL	Yes	
ovix72	24	IT	No	
Mike	54	LT	Yes	
ximoc1	83		Yes	
sinisterstealth4	54	US	Yes	
SociableBassMaster	103	IN	No	
Ekiplayz82	81	ZA	Yes	
GhostSlayer8648	90	US	Yes	
CFC-SAM-FISHERbr	110	BR	Yes	
mobie1981	106	US	Yes	
durydury	107	PT	Yes	
MinioFr	44	DK	Yes	
BaiterGod106	88	US	Yes	
JoaoCaboz	109	PT	Yes	
Apoleng	110	MY	Yes	
kuna1103	83	PL	Yes	
				
xBISWITx	84	PH	Yes	
Vouli-UA	79	UA	Yes	
PC_CrazedAlpha	62	CA	Yes	
FinalPantasy	19		No	
WoulduRather7	92	GB	Yes	
DHPdude	103	RS	Yes	
NBI129	95	DE	Yes	
Treebeard60	98	GB	Yes	
TTVxBdawgKz	105	US	Yes	
QG_Pedr__oN	110	US	Yes	
kalikaka	59	HU	Yes	
Fuzzy21202	18	US	No	
wodanskrijger	44	NL	Yes	
saintjazzy	83	GB	Yes	
babypike	2	SE	No	
				
RNKLS	110	GB	Yes	
Renatao_EM	105	PT	Yes	
Sewlitop	100	DE	Yes	
nwibilover	43	KW	Yes	
				
JeTei	110	RO	Yes	
Caballo	71	ES	Yes	
Mitsuyebella	109	DK	Yes	
Bianek	65	PL	Yes	
topitapescador08	60	AR	Yes	
ninolarisson	40	FR	Yes	
Zestryn	81	US	Yes	
djack973	110	GF	Yes	
Wazoo	5		No	
cemreficici	105	TR	Yes	
				
runix18	39	RO	Yes	
NightHunter12	102	US	Yes	
0_mystiq_0	30	IL	No	
BB_Vanilla-Ice-Milk	96	KR	Yes	
WmgSaint	30		Yes	
Egrick	49	UA	Yes	
HappyHoodz	92	US	Yes	
b4dBw0y	84	DE	Yes	
bennyberrios	107	US	Yes	
Tasos_man	80	NO	Yes	
Pifmaister	67	CZ	Yes	
Velfegor	106	BG	Yes	
Sapyen	110	ES	Yes	
Pastagas40	62	FR	Yes	
MihaiMirceaF	110	RO	Yes	
JacknaBox-Napier	110	AU	Yes	
wiil1ttleman	91	US	Yes	
				
SERFUJE	32	PL	Yes	
Ankun6205	38	MA	No	
Irishfourleafclover	95	CA	Yes	
				
f1lipekXDXD	16	PL	Yes	
SupaUgandanFisha	84	SG	Yes	
Frankthetank	5		No	
YSTREB	74		Yes	
ShrubnSE	100	US	Yes	
AnatoliyRivne	100	UA	Yes	
fuciorek	89	PL	Yes	
MagnesiumVerla	107	DE	Yes	
DecendsTv	101	US	Yes	
teocorodan	61	RO	Yes	
CezarXX8471	94	DE	Yes	
				
Novo_Do_Rio	109	BR	Yes	
Mr.TsunamiKozak	73	NO	No	
BEYONDxxHELP	100	US	Yes	
				
Gonzo1964	105	CA	Yes	
				
chef-YT	108	FR	Yes	
concha	2	AR	No	
Fischgarten	103	DE	Yes	
Arktyczny-Wojo	110	PL	Yes	
wsll	64	UA	Yes	
hisoka2906	80	BE	Yes	
Makos	14		No	
paweltiger	110	PL	Yes	
ANAMNESIS2012	43	US	Yes	
thornwell8150	61	US	Yes	
				
KPYTOY	38	UA	Yes	
carlitostevez74	106	IT	Yes	
				
				
				
metranox	18		No	
Ekbalam	37	GR	Yes	
FootMeat	85	US	No	
				
HunQiii-	89	FI	Yes	
fisheye_07	64	AT	Yes	
Nqwebasaurus	37	IT	Yes	
dommer111	51	IE	Yes	
Loki1971	81	GB	Yes	
DJHERBAL	56	HU	Yes	
River_Ninja77	99	DE	Yes	
SeeraS	58	NA	Yes	
Lilstumpy328	49	US	Yes	
PalQ	110	BG	Yes	
Bcope	110	US	Yes	
Agusstincitoo	102	AR	Yes	
G.R.A.F	100	UA	Yes	
THEmajicCARPET	35	US	Yes	
SilenaJustyna	110	PL	Yes	
niiglo77	110	FR	Yes	
MuzioreQ	95	PL	Yes	
kulson26	26	PL	No	
PESCADOR_TRAIRAO	79	BR	Yes	
sishol	95	US	Yes	
damp	4	GB	No	
SeaBaby	110		Yes	
FavoriteUSA	110	US	Yes	
Salvacrack7	94	ES	Yes	
Tidevorn	110	CL	Yes	
Fishioslady420	40	US	No	
DarkeyBarkey	62	CA	No	
SchNi2000	36	LU	Yes	
mathispepe63	50	FR	Yes	
Moogal	62	SE	Yes	
F4Zion Weezy	56	FR	Yes	
scott295	105		Yes	
Gruby_Co_Sruby	84	PL	No	
gdstew	82	US	Yes	
kistusa-HU	73	HU	Yes	
ReaperEnigma	93	US	Yes	
				
				
GrampycoloN	106	CN	Yes	
Steelbird05	37	ES	No	
Karmaus	95	RO	Yes	
ShrimpDaddy	64	US	Yes	
deadboy341	51	US	Yes	
FisherMan1120	87	GB	Yes	
Legends-Canadianzippo	84	CA	Yes	
vinniauthor	109	GB	No	
AT_NeoLex	100	LT	Yes	
shore_fishing	108	ES	Yes	
SuperDorkus	61	GB	Yes	
acon099786	62	GB	Yes	
Hronomiraj	94	UA	Yes	
Foxiii	110	FR	Yes	
drkheart	106	US	Yes	
GeneralKlinch	102	US	Yes	
Angler_Soyokaze_JPN	110	JP	Yes	
TwiztidGurl96	85	US	Yes	
harrykojima	103	US	Yes	
Ki-Yu	27	US	Yes	
RtMedic66	68	US	Yes	
zig.25	42	US	Yes	
marionsfg	73	RO	Yes	
				
BrightShopBullet2	110	AT	Yes	
chebonaparte	32		Yes	
ByaSygi	55	PL	Yes	
Ranabel	52	MY	No	
X_Sooner	39	PL	Yes	
itsblunty	83		Yes	
winox_1911	104	FR	Yes	
Givrally	48	FR	Yes	
ScottyInNZ	110	NZ	Yes	
				
Altior	85	UA	Yes	
kylorif	65	BN	Yes	
Sneaky_Prawn	70	ZA	Yes	
fieldmasternz	91	NZ	Yes	
WisniaEZ	68	PL	Yes	
jarja2541	56		No	
FatalStrategy	25		Yes	
QBYST	57		Yes	
geri1	51	HU	Yes	
				
A_WICKED_QUEEN	104	US	Yes	
MiauFishingTeam_GatoMelon	102	ES	Yes	
FinalXkbox	106	ES	Yes	
				
reel_coolozzy	24	NZ	No	
GeLokoGamer	90	BR	Yes	
				
AshleyLynn86574	72	US	Yes	
xoro-jona	100	MX	No	
AchrafB	75	TN	No	
SeattleColt	110	US	Yes	
AffableScallopIdol	28	HU	No	
Bacon_C-G-J-J-A	83	US	Yes	
Mocarz199	74	PL	Yes	
				
				
				
rakowiak1921	44	PL	Yes	
Turkey	8		No	
				
				
				
Rem07100	24	FR	No	
Turkey	8		No	DUPLICATE
DydouX_	65	FR	Yes	
Skrebutis	75	LT	Yes	
JamesRay2011	19	US	No	
Rem07100	24	FR	No	DUPLICATE
GRUMPY--TACO	108	US	Yes	
Cyberyeka	82	ES	Yes	
				
Biro23	106	BR	Yes	
				
CAST_AND_CONQUER	110	US	Yes	
Yank_n_Tuggit	78	CA	Yes	
AFC-Azeskk	100	ID	Yes	
JunKobs	95	BR	Yes	
Ace_Slayer69	72	US	Yes	
				
NiKoPrO_BG	110	BG	Yes	
Catfish7305	72	US	Yes	
AcE_zBeast	83	US	Yes	
stevemcgarret	61		Yes	
				
flanno2	110	GB	Yes	
Lobotomyfatal_YouTube	98	DE	Yes	
Kacperowsky567	51	PL	Yes	
YT_Curupt_Gaming	58	US	Yes	
VINNYTHEFISHERMAN	81	US	Yes	
thomas01121982	110	DE	Yes	
reszo	72	PL	Yes	
RomeOow	109	TH	Yes	
Grimmrikr	110	CA	Yes	
NSfishing	73	RS	Yes	
prince_asraf	103	BD	Yes	
SPACERAGGER	41	US	No	
ImJustJoshing-_-	92	US	Yes	
				
				
05FranCiani	62	AR	Yes	
Leotect	84	US	Yes	
FishMan_dave	87	GB	Yes	
TYTRenatin	104	BR	Yes	
PondNomadMatt	96	CA	Yes	
loony1982	83	DE	Yes	
JackieC	104		Yes	
1aur	68	ID	Yes	
Finezxer	71	PL	Yes	
				
				
great_gaiter39	82	CA	Yes	
TEST	2		No	
huit0n	82	DE	Yes	
hugo_wrn	49	DE	Yes	
venom1987	48	US	Yes	
KostyaVoron	34	UA	Yes	
AttractiveScallopWitch	72	US	Yes	
K0myuu	67	PL	Yes	
Gambit2313	110	DE	Yes	
KeepNetKing	69		Yes	
lesliep	102	GB	No	
dei1110	77	CL	Yes	
futbolkt21	62	US	Yes	
Fishingbro1861	41	US	Yes	
ifishforJSOC	49	US	Yes	
				
far5915	90	CA	Yes	
freddyhb	110	DE	Yes	
				
wiktarell	63	PL	Yes	
Max_MarlinHunter	64	NZ	Yes	
NoahDestroyer18	63	US	Yes	
OPBEAST337	41	NZ	Yes	
Aries	16		No	
W9USA	88	US	Yes	
Smokedsloth	78	US	Yes	
firenightwolf25	70	NL	Yes	
Fisgada_Neles	18	BR	No	
				
				
marny123	37	CZ	No	
ItsMeKirsty	107	GB	Yes	
tig3rjam56	76	NZ	Yes	
TheGood31	109	US	Yes	
Starwalker77	110	BG	Yes	
fidelius	85	HR	Yes	
				
BlackGoku09	64	US	Yes	
vizfish	64	US	Yes	
				
ShakenBake178	110	AU	Yes	
CelebratedSquidSaint	73	AU	Yes	
Batkapu	110	GB	Yes	
JoHaNMaatt	102	ES	Yes	
Benobi	58	AU	Yes	
Br3akx	72	DE	Yes	
Game_Addict79	21	US	Yes	
robettt	96	ID	Yes	
Timoteillo2	107	ES	Yes	
Neko7T7	73	NI	No	
Craigy	43	US	Yes	
DirkStarbuck	84	IT	Yes	
TheGate_SA	71	ZA	Yes	
Andylemming	47	US	Yes	
jaffa	17		Yes	
Quantumcow15	54	AU	Yes	
MoldenXDemon	24	AU	Yes	
MWfishing	41	US	No	
umadbruh62-vicep	87	US	Yes	
itzvadim	65		Yes	
LeopoldStotch	91	DZ	No	
Karrijo	34	BR	Yes	
Gress_Trout	76	IT	Yes	
MikeschV	83		Yes	
UASergiyOdessa	85	UA	Yes	
The_Alpha	4	ID	No	
mbokne_ancok	97	ID	No	
aiden	2		No	
melhor_pescador123	60	BR	Yes	
LibYaA	54	LY	No	
TylerWP2012	62	GB	Yes	
BigDuckEnergy	4	US	No	
Hunter68	56	DE	Yes	
Twitch_sandersog	100	UA	Yes	
Abe389	39	EG	No	
bazookabob45	104	US	Yes	
Platini2000	110	NL	Yes	
				
ARGENTOfjg	91	AR	Yes	
				
TH3VO1DWALK3R	84	US	Yes	
Mcloven-69	96	US	No	
DeathMachineUA_gaming	95	UA	Yes	
lordminecraftxc	43	CA	Yes	
kunamutaorez	110	GR	Yes	
VXN00000	27	AU	No	
DJ.Step.77	110	BR	Yes	
BIRDOGNALO	57	IT	Yes	
Aethyr01	101	US	Yes	
darmaissme	58	ID	Yes	
Rozbojnik21	81	PL	Yes	
ChipDip710	96	CA	Yes	
sm3ll1nch33se	96	US	Yes	
sagsave	72	US	Yes	
JR271972	99	US	Yes	
DJengo8675	26	US	Yes	
RemusPesca	85	BR	Yes	
Ahkmed	83	US	Yes	
Dbomb Deadly	57	CA	Yes	
junkymonkey258	58	US	Yes	
Velardi_77	99	IT	Yes	
				
OdinTheWise01	110	US	Yes	
Daggor	41	US	Yes	
Gwantas	99	ZA	Yes	
fatefulkrom	90	US	Yes	
rubenvillalvaro	68	ES	Yes	
JuacoGood	98	CL	Yes	
Ganesha_X_Kali	50	DE	Yes	
asfeas334	75	US	Yes	
J.YWADE	17	PH	No	
libertysion	69	US	Yes	
				
NubdaMonke	43	AU	Yes	
Fla1lydem0n	96	DE	Yes	
YOLLO.nico	86	FR	Yes	
Costwyn_69	74	US	Yes	
Sampei93	108	IT	Yes	
				
devilshank-	48	US	Yes	
Dinozz0	108		Yes	
FreeFire_270	75	CA	Yes	
WhiteEvo6	64	CA	Yes	
SpeedyE420	84	US	Yes	
quadstacks	75	US	Yes	
Viscan133	55	AU	Yes	
LiveTT-raihan_fattah	69	ID	Yes	
BananaBread420	54	AU	Yes	
kingwildzz	54	US	Yes	
l1zardlord	91	US	Yes	
hellyan_666	104	US	Yes	
MossFrog	110	AU	Yes	
merino_falador	105	BR	Yes	
Gman18	83	US	Yes	
AnakKampung	85	ID	Yes	
Toni_Pescador	90		No	
trey6wheels	44	US	Yes	
HeresAuntie	83	CA	Yes	
Butcher9189	103	US	Yes	
Captn_Jackhoff	99	US	Yes	
1Erjkb1	28	FR	No	
Gman18	83	US	Yes	DUPLICATE
pingukhan	41	CA	Yes	
Sil3ntFisher	26	US	Yes	
Gdub305	40	US	Yes	
ReadWave	53	JP	Yes	
hollisbot	72	US	Yes	
pike_muskieeeeee	40	US	Yes	
Daddy_Sav_DK	83	DK	Yes	
MonarK2011	40	AU	Yes	
Atuliki	109	DE	Yes	
				
Danadinho	53	BR	Yes	
				
irishtiger71	103	US	Yes	
FISHINPLANETDUDE	31	AU	Yes	
Zaypro64	75	US	Yes	
MajesticMinxi	78	CH	Yes	
mikroparasyte	68	US	Yes	
mangler3	91	US	Yes	
JATMAE	59	AU	Yes	
				
ODOROKIMOMONOKI	110	JP	Yes	
dragonfish12	106	PL	Yes	
j4h44	41	US	Yes	
Iurito7282	66	BR	No	
Space024	31		Yes	
JackieC	104		Yes	DUPLICATE
terpenesteve	100		Yes	
TheSchwartz	9	US	No	
Tonecapone1	43	CA	Yes	
canon4733	110	US	Yes	
				
dbltalk73	110	US	Yes	
Zink62320	110	FR	Yes	
Xaviersucksatfishing	80	AU	Yes	
Infernicus	68	US	Yes	
Northupt01	89	US	Yes	
Melrich	96	US	Yes	
				
DARTHSPHINX	106	CA	Yes	
Damien_E1	49	AU	Yes	
WarEagle312	101	US	Yes	
YUZU___888	76	AU	Yes	
BurnsyBruh	77	AU	Yes	
Mightynarwhal6	64	US	Yes	
Ghost_1483	110	AR	Yes	
PurrBurger	108	US	Yes	
PhilG	2	DE	No	
Navy	2	US	No	
Valleyrebel18	39	US	Yes	
Ramakaze	96	US	Yes	
malqan27	102	SG	Yes	
				
titolilo4	65	ES	Yes	
Jynxkies	98	US	Yes	
Yakn4Bass7	32	US	Yes	
XecaPT	106	PT	Yes	
rosco__17	98	CA	Yes	
				
FU_BlackPlague	107	US	Yes	
Frankie20213855	92	IN	Yes	
Tongiiii2TH	94	TH	Yes	
ZunThunder	53	US	Yes	
Vattghern_aen_Invaerne	110	UA	Yes	
BlueRaven_71	100	US	Yes	
				
Tsumonishi	59	US	Yes	
FabulousEelMercenary	54	US	Yes	
sdog1010	68	US	Yes	
CJSchmitz	110	BR	Yes	
ItBearded	26	US	Yes	
				
Skybax	94	IT	Yes	
Sacredsoul68	110	US	Yes	
RiceTheCat	54	CA	Yes	
WAR_CHUN	58	KZ	Yes	
Skyecat	70	US	Yes	
GoldCyprinus	109	US	Yes	
PondScumPrincess	86	AU	Yes	
GraySalmonDaddy79	39	US	Yes	
crimepickle09	57	US	Yes	
Tonytgff1	71	US	Yes	
dytlove929	101	HK	No	
CaTfIsHkInG330	83	US	Yes	
				
AndreswaiTV	85	CO	Yes	
paLe	21		No	
brydensdadsdad	19	CA	No	
Baryl_OG	40	PL	Yes	
U4GChaser	107	US	Yes	
LtChacal	86	AR	Yes	
MajesticWhirlpoolMystic	101	US	Yes	
Lun9Wao	110	TH	Yes	
special-meaning4	41	US	No	
DocDanger776233	94	US	Yes	
				
BlueOrchid7495	86	ID	No	
Rexlesser	83	US	Yes	
Lam28082012	69	VN	No	
				
andrea_uru	110	UY	Yes	
X 12gaJohn X	23	US	Yes	
Mattzs	86	BR	Yes	
Fleshka2284	68	US	Yes	
PitViper475	66	US	Yes	
emgaithoa	83	VN	Yes	
Lone_Wolf7445	106	NZ	Yes	
Minkawilson	64	AU	Yes	
teutonix	109	LU	Yes	
				
Nwag63	47	US	Yes	
nggaaah	35	ID	No	
jewkila	52	AU	Yes	
Focus_1314	87	TH	Yes	
S.winer	109	TH	No	
Godbrand3	74	US	Yes	
drchickenz	79	AU	Yes	
L1mitedHamb	39	ID	Yes	
jirvav	104	CZ	Yes	
FARWAN_XD	99	ID	No	
				
harrys92	2	AU	Yes	
Loak_J	110	JP	Yes	
				
Clean_speak	60	US	Yes	
bumpy	3	US	No	
NESSSSS	102	ID	No	
				
Icy_Jam	83	AU	Yes	
BayouRooster	95	US	Yes	
				
GoodGuyHits	90	NO	Yes	
feenz	110	AU	Yes	
Snipez_Ya	63	AU	Yes	
ozzyy	5		No	
ElaraCytheria	65	KZ	Yes	
Miguelo_333	109	ES	Yes	
Detilly	17	CA	No	
Oileater	4	DK	No	
CIRUJANOCEREBRAL	106	AR	Yes	
ChromeKhaos	64	US	Yes	
puziko	110	UA	Yes	
DrPuddlesTheFisherman	80	US	Yes	
				
froggy163	109	AU	Yes	
				
ArchyN0IR	34	ID	Yes	
PiierrOot	54	FR	Yes	
VITKOVNORFISHING	107	PL	Yes	
mayhem_cv	55		Yes	
				
fishing_Lemon	68	UA	Yes	
lach	5		No	
Schylger	65	NL	Yes	
DatCubuu	56	VN	Yes	
FabulousRoachLord52	37	US	Yes	
				
Dompag	56	FR	No	
Wolverine67	110	NO	Yes	
				
JajanONil	110	HR	Yes	
StrikePaduwww	25	MY	Yes	
art7018	58	GB	Yes	
gaetswdz	64	FR	Yes	
Dalargas	64	KZ	Yes	
Yuukiss	50	ID	Yes	
				
EvoBloem	62	ZA	Yes	
MacFishbone	68	DE	Yes	
DUYVUACAUCAVN	35	VN	No	
ReeLevan	40	US	Yes	
MatKopling	110	ID	No	
				
BOBT	5	AU	No	
Greenjoy	83	UA	Yes	
				
SOILFLIGHT	100	AU	Yes	
DaniloReis9	98	BR	Yes	
Kasi_Ro1	29	RO	Yes	
Tesco4524	79	IE	Yes	
FearTheReaper	18	US	Yes	
				
Karachekrak_ZP_UA	83	HR	Yes	
bluegillcasting	35	PL	Yes	
LilCeaser666	43	US	Yes	
Castix	44	ID	No	
AXE_47	75	ES	Yes	
NtotheRizzel	103	DE	Yes	
				
Sidewayskitzo420	97	AU	Yes	
				
				
billi.thea	88	ID	Yes	
				
Face apad12	41	HU	Yes	
Hraptor	109	IT	Yes	
				
linchk1	78	UA	Yes	
LordofSwords	28	US	No	
Veeno_MMJ	71		Yes	
				
Luzblus	77	PL	No	
				
OGScotty519	107	AU	Yes	
OutstandingBayouLord	17	CN	No	
HerbWerb	105	TR	Yes	
GamerAddict79	40	US	Yes	
HenryZ74	21	DE	Yes	
				
juan1416	94	AR	Yes	
				
COCOGLAM	44	US	No	
Uzermen	91	UA	Yes	
g-a-n-d-z-i-c	76	US	Yes	
MrAndrofy	83	UA	Yes	
Roman29020	93	UA	Yes	
				
Astronova	103	FR	Yes	
molinete de ouro	94		Yes	
Ttomika11t	64	HU	Yes	
				
ExigoLT	51		Yes	
Roald63	110	NL	Yes	
seattlefishman	24	US	No	
xzxtxzx	29	KZ	Yes	
Cowkiller	52	US	Yes	
AS_lanik88	110	PL	Yes	
SNEYKS_UA	84	UA	Yes	
asdfghi	28	DE	No	
GreenSandBaron	70	GB	Yes	
Ahnandy	110	BR	Yes	
				
Mokraya_Pisichka	100	UA	Yes	
Stay.with.Me	71	KR	Yes	
ste928	78	FR	Yes	
				
dantisch-Bemme3	14	DE	No	
Jekyll_Hyde	22	FR	Yes	
Buffy28630	110	US	Yes	
Dani_pescar18	87	RO	Yes	
LKWilliam	70	BR	Yes	
borys30034	38	PL	Yes	
0DIVE0	47	PL	Yes	
Keefe90	103	IE	Yes	
Tep	28	RU	Yes	
Lun9Wao	110	TH	Yes	DUPLICATE
Meer_Kat	95	UA	Yes	
nick7941	83	CH	Yes	
IceBlue78	83	DE	Yes	
				
szybki_wciagaczPL	39	PL	Yes	
Mba_Ika	43	ID	Yes	
MarineBoy_1970	110	KR	Yes	
				
OceansLegacy	110	AU	Yes	
Clanwolf	99	DE	Yes	
Hype_DS00	110	GB	Yes	
ArabSon32	107	UA	Yes	
bogdi201104	39	RO	No	
FantasticPerchDaddy62	29	US	Yes	
Lun9Wao	110	TH	Yes	DUPLICATE
SCHIZIKI	104	KZ	Yes	
Tim	28	DE	Yes	
				
				
IceBlue78	83	DE	Yes	DUPLICATE
				
karl	25	SE	Yes	
FamousCatfishBuster4	77	FR	Yes	
Beerguzzlingslob	102	US	Yes	
iceolater	66	NL	Yes	
MAXONIC_GAMING	108	ID	Yes	
marian	2		No	
Wolferina	72	PL	Yes	
kalyanovich_49	110	UA	Yes	
FIxieIsMonk	65	AU	Yes	
dc-maxdomino980	50	PL	Yes	
Sedith	84	PL	Yes	
Crison9	101	ES	Yes	DUPLICATE
Grigi_Bu	19	HR	Yes	
TRgame77	106	BR	Yes	
Opsblitz2330	79	US	Yes	
xifra2105	83	PY	Yes	
the1kbass	96	FR	Yes	
GreekFisherman2012	27	GR	Yes	
LuciNotCat	70	TR	No	
HruTeX	60	PL	Yes	
Brazenleader641	49	AU	No	
Kaupaczino	80	PL	Yes	
Pro142647	22	DE	Yes	
Cpt_Leukos	64	GR	Yes	
dangyu98	110	HK	Yes	
pescador_de_bagre	98	BR	Yes	
SeanOgMcC7	101	GB	Yes	
maxbo333	95	US	Yes	
BabaPikeFishing	100	FR	Yes	
ATD7	103	US	Yes	
AnglerBird	86	ID	Yes	
Asior	67		Yes	
Robeb	50	KR	No	
SmellyFishHook	92	US	Yes	
PuyuLayu	99	MY	Yes	
MrRhole	110	MY	Yes	
ThailandAmz	100	TH	Yes	
BigKarasik555	69	UA	No	
Conrad57	106	IT	Yes	
IFC_DabFace	96	ID	Yes	
L1nex10X	23	RS	No	
Night_Lord	46	PL	Yes	
schabernack66663	94	DE	No	
Flyfisher72	110	CA	Yes	
Lusien	108	UA	Yes	
				DUPLICATE
Cossie32	25	AU	Yes	
HunSkelper-JJ88	105	GB	Yes	
Piyakronn	64	TH	No	
nyankichi_cat	109	JP	Yes	
fran_phy	85	GB	Yes	
zjackobp	80	US	Yes	
Jake050	35	NL	Yes	
RybakZhoskiyInWorld	44	BY	Yes	
GGQfullsend	77	US	Yes	
Gooni3Games	85		Yes	
JacekBi	100	PL	No	
Alexandrox	65	IT	Yes	
				
				
Polpermannli	12	DE	No	
happylanding	77	DE	Yes	
turikitiyaetyann	100	JP	Yes	
balpesc	109	BR	Yes	
				
FlawedLemming	43	NL	Yes	
ruiteixeira10	109	PT	Yes	
MaZael	94	ES	Yes	
oahima	90	AR	Yes	
QuocKhoaFishing	36	VN	Yes	
junior	2		No	
Profolactic	55	US	Yes	
GustavoRamiroX	110	BR	Yes	
Palextiago1999	86	PT	Yes	
Harolduyyyy	76	PH	Yes	
Haplo8098	105	ES	Yes	
botmanv21	52	PL	Yes	
Rudy4209	55	PL	No	
Papuszek	50	PL	Yes	
1skk	65	UA	Yes	
EVEREST92	88	UA	Yes	
FU_TWILIGHT	110	ID	Yes	
C00TD0G	110	US	Yes	
RicM0	106	BR	Yes	
Balletjies	24	ZA	Yes	
				
MI_BEMOL	62	UA	Yes	
BadgerBaba12	110	US	Yes	DUPLICATE
habibbzee	76	US	Yes	
Szymus295	96	PL	Yes	
TiG3RFishMaster	105	RO	Yes	
WHOSTOLEMYKIDNEY	57	BG	Yes	
flash-fresh67	76	US	Yes	
Yasutomi	101	ES	Yes	
jesus1975	110	ES	Yes	
keradein	63		Yes	
Joao4z	81	BR	Yes	
eXXile	7	NO	No	
FU_Maximus	82	US	Yes	
FormerFishFarmer	69	US	Yes	
				
SHPROT769	57	UA	Yes	
BestNiina	108	TH	Yes	
Nacho.723	102	AR	Yes	
DOGGO	2		No	
ICannNike	104	US	Yes	
ChicoGalucio	110	BR	Yes	
				
laTaruchaAsesina	62	AR	Yes	
Sallyaoparda	45	ES	No	
trey6wheels	44	US	Yes	DUPLICATE
Aras-uk	67	GB	Yes	
Sebas_sk83	39	AR	No	
				
LTrain1979	54	US	Yes	
Solar384	41	US	Yes	
KOP_Glyce	102	CA	Yes	
Nano007_Lxp	110	MX	Yes	
Elton-The-Angler	110	SE	Yes	
SNOWKERAONE	76	DE	Yes	
				
Aesiour	48	US	Yes	
				
DemonicSir	63	US	Yes	
xxSi_wYxx	70	PL	Yes	
vFirestormv	50	US	Yes	
Guppyman	110	US	Yes	
SrK99	53	ES	Yes	
Paco_Barba	110	ES	Yes	
				
CrazyQuestAngler	110	US	Yes	
TheRoboloz	97	US	Yes	
robak280	110	PL	No	
fiestero45	109	ES	Yes	
TK-jerem	107		Yes	
Daumier6080	93	ES	Yes	
k11ORD	25	US	Yes	
Saturated 56	68	US	Yes	
ElMemazo55	31	MX	No	
HAR_Sabre	100	US	Yes	
xLxcky	110	GB	Yes	
abelf724	108	ES	No	
Ethan_Aubin	75	ES	Yes	
Just_Stefcho	43	BG	No	
BlueTroutChamp32	95	AU	Yes	
Simba797	109	ES	Yes	
GenghisKhan_101	92	US	Yes	
Jhanmaggot	70	CO	No	
hentaji.EXE	70	PL	Yes	
MUERE RATA1993	110	ES	Yes	
kindhearted02	99	US	Yes	
ELTITOGRAVY6	108	FR	Yes	
Keegen	98	US	Yes	
				
R_exter	73	MY	Yes	
Xugarus	72	AR	Yes	
Aleekunh	85	AR	Yes	
smaug_pt	48	PT	No	
Rekamtra1	75	US	Yes	
bodyboardtuga	51	PT	Yes	
tulcaz	70		Yes	
im_still_dreamin	110	UA	Yes	
FishingLegend83	89	AR	Yes	
Ffizzyy	39	ID	Yes	
24cristian24	48	ES	Yes	
				
MrBoontjies	34	ZA	No	
el_brayan_2707	44	AR	No	
CypherVX	105	AR	Yes	
Amnestesy	98	PT	Yes	
VictorCastle	38	CA	Yes	
AJKLONE	58	BR	Yes	
German-Ale-03	49	AR	Yes	
Marcos_Ale07	30	AR	No	
LupinEmi	59	MX	Yes	
lucas	2	ES	No	
Eziox22	84	US	Yes	
LeoncioLeal	106	MX	Yes	
WaneH_Maxou	83	FR	Yes	
Bank	1		No	
Rookie_Anglers	101	ID	No	
AXE_47	75	ES	Yes	DUPLICATE
Kiehlian	99	DE	Yes	
FantasticRoachGainer32	67	BE	Yes	
ReichWA	67	HK	No	
Knight_n_Dark	80	GB	Yes	
				
laraizguana	82	ES	Yes	
FalleN_NTC	96	RU	Yes	
kikiisbot	102	HR	Yes	
buhibuhi	102	JP	Yes	
Shawnie2469	105	US	Yes	
LuooFENG	53	ID	Yes	
ErwinNau	94	PY	Yes	
Arckivius	41	BG	No	
				
darkben666	62	BR	Yes	
Guru4All	51		Yes	
GeneralElite18	101	US	Yes	
nikitakard	67	IL	Yes	
vVvKylOvVv	43	PL	Yes	
BoltyHolo_33	53	US	Yes	
Mebah7	110	BR	Yes	
				
eljoakos	53	CL	Yes	
byDSL	109	BR	Yes	
				
BIG AL GREG	89	US	Yes	
Cartucho67	41	AR	Yes	
SyriouSx12	42	DE	Yes	
EAC-Palavino	63	NL	Yes	
Jakmads	36	SK	No	
				
Intoxicated354	66		Yes	
Pan_Gazownik	53	PL	Yes	
gkko321	35	NL	No	
DANKVKUSH420	74	US	Yes	
Dr1zzyDrake	68	US	Yes	
crawlspace	90	US	Yes	
magniak	102	FR	Yes	
CheweyBoi08	49	GB	Yes	
PowerfulCastingMystic	29	FR	No	
LE-PINPIN-COMMUN-DE-ST_JEAN-1	110	FR	Yes	DUPLICATE
Fifty9er	105	US	Yes	
YoDarkkTKTOK	75	US	Yes	
jeffdailey	110	US	Yes	
DannicolasFH	79	RO	Yes	
Djuka99	66	AT	Yes	
arandjell	78	DE	Yes	
				
Elemerri	22	FI	Yes	
				
BIgggyfishyyes	22	US	Yes	
				
dorigonn	72	BR	Yes	
BrenoPescaria	86	BR	Yes	
Muuczek	77	PL	Yes	
TheDroGod	96	US	Yes	
				
AGUA-DE-RIO	50	AR	Yes	
CordialWhirlpoolChampioness	10	TR	No	
Mr.Eli43	33	AR	No	
summer_tea	97	UA	Yes	
luca_4334	41	RO	No	
Alex0023	52	NO	Yes	
				
Tinelen	2	US	No	
Elbahri_16	57		No	
vetle11011	46	NO	Yes	
ranzz_fp	100	ID	Yes	
zorklo	43	NO	Yes	
Platyn2999	110	DE	Yes	
Aiko_n	66	PL	Yes	
werkuta	68	AT	Yes	
KOP_Gocapan	110	ID	Yes	
GumzOnMyPlumz	79		Yes	
				
fishio013	41	US	No	
andres2009	61	CL	No	
Saturn3100	94	PL	No	
				
Mercy1684	38	US	Yes	
andres2009	61	CL	No	DUPLICATE
KOP_Striker	110	US	Yes	
CaptianShake	36	US	Yes	
SuperStollen	62	SE	Yes	
Novo_Do_Rio	109	BR	Yes	DUPLICATE
EagleDark	96	FR	Yes	
PeixeCorneta89	44	ES	No	
KylenDykstra	55	US	Yes	
				
				
CCoombsy	4	US	No	
Benjamin-B03	110	US	Yes	
KevinboyQc	57	CA	Yes	
ZacKasoN	110	US	Yes	
Minsaleko	51	ES	Yes	
FishinInDa808	81	US	Yes	
				
Le_Ptit_Pecheur	86	CA	Yes	
Ivakis_Solo	67	BG	Yes	
pierrot14	104	FR	Yes	
				
el_lito1981	107	ES	Yes	
				
ptrybn	29	BE	No	
BadgerBaba12	110	US	Yes	DUPLICATE
Gatto666	84	AR	Yes	
				
To_Bober	79	UA	Yes	
MaumauFisher	41	DE	Yes	
ToFu32K	66	US	Yes	
JKrashMonkey	36	CA	Yes	
				
ReBeL_X_ZA	110	ZA	Yes	
				
				
CapsElite8	108	US	Yes	
bongholio	85	AU	Yes	
DesmondBenjamin44	20	ES	No	
FOCRJ	108	BR	Yes	
ElMister11	92	UY	Yes	
Melody	3	VN	No	
GeraldbatesX	89	US	Yes	
rad3kKK	19	CZ	Yes	
TigerG0d	36	CA	No	
DuskyTarponSeeker	44	US	Yes	
zNahuDX	74	AR	Yes	
Aserofth	44	ZA	Yes	
Nyoraco_Twitch	69	JP	Yes	
xXtoniboni13Xx	62	ES	Yes	
Proz_For_Life	107	CA	Yes	
LuisNH	93	MX	Yes	
RomanXavi	92	PL	Yes	
shootdeer	97	US	Yes	
AzaleiaRollpain	110	JP	Yes	
D4B0mb	79	US	Yes	
ChavitoPescador	106	UY	Yes	
guilletmon	79	MX	Yes	
				
DavidYW2	4	ES	No	
InsaneSquidSummoner	50	US	Yes	
For-Fishs-Sake	110	CA	Yes	
Lion_G	51	US	Yes	
Isaitami	68	AR	No	
IrrationalTackleSummoner	68	US	Yes	
kketas	71	US	Yes	
				
Cruzbear909	58	CA	Yes	
CRACOLOLO	93	ES	Yes	
NiceSalmonSaint57	28	US	No	
dtale1	105	US	Yes	
RingedEel223513	94	AU	Yes	
Pescamikis	77	ES	Yes	
DeclanWalsh	42	US	Yes	
Cantrip	66	CA	Yes	
DouGzao	77	BR	Yes	
Peedrinh0	86	BR	Yes	
Dyperdan	63	US	Yes	
Tooterrooskie	55	US	Yes	
				
DUB_SOULJA74	102	ZA	Yes	
GrumpyDuck	108	US	Yes	
Muskiepointer	60	TR	Yes	
Holdaboy18051	82	US	Yes	
sp0d3rm1n	21	US	No	
				
guyfish10	110	ES	Yes	
Rippin-Reels	75	US	Yes	
Davidd_rzz	101	MX	Yes	
Toasty2770	92	AU	Yes	
DarkNetDaddy	88	DE	Yes	
kennybaker	36	US	Yes	
Baldd_Howard	29	US	No	
Itsshan420	57	AU	Yes	
MonsterMaxxing	70	TH	Yes	
MortosDS	106	ZA	Yes	
Kiwi	3		No	
				
EnlightenedWhitefishPrince	19	US	No	
polo826	28	AR	No	
krvcifilth	57	AU	Yes	
ilieser	60	BR	Yes	
Jak0b320	44	PL	Yes	
brandin	2		No	
FamousQuestAssassin36	71	AU	Yes	
mvalenzg	18		No	
FamousQuestAssassin36	71	AU	Yes	DUPLICATE
TiGrE	78	ES	Yes	
				
ohafeesh	73	CA	Yes	
Ghost_2	24	US	Yes	
				
GreenBassSultan	86	US	Yes	
Virixiss	30	US	Yes	
DuriBambit	109	ID	Yes	
canaansmith18TTV	88	US	Yes	
vanderbosa	84	IT	Yes	
				
SahabatLaut69	81	ID	Yes	
MiroCrystal8S	100	DE	Yes	
SyNy673	102	AU	Yes	
Ivan1949	86	CO	Yes	
HookahCowboy	31	US	Yes	
Tistix	87	US	Yes	
Blankman	82	ID	Yes	
				
Catnapp	50	US	No	
				
CauVangBuDa	74	VN	Yes	
AlexGPTB	27	AU	Yes	
VandenT	52	US	No	
N111k0n	90	DE	Yes	
AmoebaLn2	88	US	Yes	
TrooperG10	68	US	Yes	
WildCat	2		No	
wolfplayz	2	GB	No	
CptCodeye	32	GB	No	
Super_CHI911	89	AR	No	
PanFishDelight	92	US	Yes	
Dompag	56	FR	No	DUPLICATE
Mboyak898	71	ID	Yes	
ShadowyPierSaint	86	FR	No	
Knowyy	68	PL	Yes	
Anton51970	101	TH	Yes	
peraltarichard82	78	AR	Yes	
RAZER_Ned	98	NL	Yes	
JJtrivella	56	IT	No	
SwiftLakeCaster	75	FR	Yes	
Communiqe	97	US	Yes	
ElsaErazorII	110	DE	Yes	
QThucFishing	28	VN	No	
Bonichkaa	70	RU	Yes	
Chooper36	91	AT	Yes	
lNatsulDragneel	105	DE	Yes	
BethanyATS	86	US	Yes	
Agripa	85	AR	Yes	
VV1lqu	67	GB	Yes	
MIKU_KITSUNE	71	UA	Yes	
DarkGhotsJ	84	CO	Yes	
pedrofp38	110	ES	Yes	DUPLICATE
kenshiki	103	ES	Yes	
UmutTR	60	TR	Yes	
jahervi	108	CO	Yes	
Blsde	2	SE	No	
				
KM56	97		Yes	
niksuxd	56	FI	Yes	
Kalumpa	85	IT	Yes	
TimdaFisherman	94	US	Yes	
Nutgravy	103	AU	Yes	
				
Kamina8	39	NZ	Yes	
Takayatodorokii	105	IT	Yes	
Hydromel	100	IT	Yes	
				
DeaDsh0t_YY	100	BY	Yes	
pillard-festif	110	FR	Yes	
tizu_basah	100	ID	Yes	
Milgy	42	AU	Yes	
UDEENSTARK	13	ID	No	
Sebago9414	103	FR	Yes	
Caionova123	22	IT	No	
argiris-dio	66	GR	Yes	
				
Apci	110	HU	Yes	
Shae	4		No	
polnocc	41	PL	Yes	
				
macaor	57	ES	No	
IDA_NILON100	87	ID	Yes	
FeartheReaper83	105	DE	Yes	
				
mo0606	95	DE	Yes	
Shyllo	110	FR	Yes	
O7_VIOLA	106	ID	Yes	
				
iLukys-	110	FR	Yes	
nunofrazao	67		Yes	
matieg5	18	NL	No	
Taipan	45		No	
wisniakG	55	PL	Yes	
VataFakIzDisz	75	HU	Yes	
Prost_Plovs	62	LV	Yes	
Edupu	47	LV	Yes	
				
fatboy_1954	72	US	Yes	
SzymonNa01	72	PL	No	
TdD_Woldon07YT	40	ES	No	
EmberWolf84	88		Yes	
				
Kaapojij	25	FI	No	
SkylarWolf	44	GB	Yes	
OSM_GRIMWORKSPLAYS	62	ZA	Yes	
Erik2541	57	CZ	No	
Gruwelijk1973	110	NL	Yes	
akirosan07	110	DE	Yes	
Helix3936	18	NC	No	
Wzdrega-Mateusz	72	PL	Yes	
Timek2080	20	SI	Yes	
alberto_arcana	110	ES	Yes	
hyppy1975-1	105	ES	Yes	
CapitanAkap	26	ES	No	
Patiecno	76	ES	No	
Querqu	65	PL	Yes	
				
EmeraldLakeButcher	61	AU	Yes	
DeSSman	28	KZ	No	
AlekBratva	54	DE	Yes	
ajyanesp	82	VE	Yes	
AzureAir2184164	84	IT	Yes	
JakeRiley	78	US	Yes	
Lambari_unico	20	BR	No	
JyrgenT	46	EE	Yes	
HUBERT5538	70	PL	Yes	
Siriopro	85	IT	Yes	
nepexx	69	UA	Yes	
AndrerSkinwalker	78	UA	Yes	
				
Mr_Vxli	62	HR	Yes	
				
				
PrincessCeleste	102	FI	Yes	
BaltazarNieobliczalnyJakV5	83	PL	Yes	
Sofiyaah	104	FI	Yes	
				
szablo76	106	PL	Yes	
gagisanin83	85	RS	Yes	
ecco500	56	PL	Yes	
JHorn	70	ZA	Yes	
0lszeski	66	PL	Yes	
				
Ventur4	74	HU	Yes	
Ribicc181	73	SI	Yes	
Muchomor_klasyczny	59	PL	Yes	
brycevotto1414	39	US	Yes	
a6l5e4x2	96	ES	Yes	
Thernadad	62		Yes	
Footmob	70	RU	Yes	
r1ck.gb	28	CN	No	
Cedii	94	DE	Yes	
pagarbat	16	FR	Yes	
				
Kroksis12	18	LV	No	
wielkiewiadro420	62	PL	Yes	
SquatCobbler123	87	SG	Yes	
SSBear	53	GB	Yes	
LPI	4	CN	No	
CharmingPondRenegade	22	US	No	
Hugo TZH	109	ES	Yes	
Quack-Attack83	100	US	Yes	
Jato	2		No	
UA_Sergiy	110	UA	Yes	
keff0123	62		Yes	
Bilby47	106	AU	Yes	
Vic1995	96	MY	No	
Rutek69	46	PL	No	
szeregowy_markielof	19	PL	No	
Martin1030	41		No	
gombi10k	23	HU	Yes	
Fishie_Fishie	110	PL	Yes	
Zoli1289	41	HU	No	
Aglito	75	GB	Yes	
Flamehammer	105	UA	Yes	
VenonX_Fishing_Master	31	HU	No	
Zoli1289	41	HU	No	DUPLICATE
Shegglington	12	GB	No	
				
Fetan	76	CZ	Yes	
luciupp	110	PL	Yes	
				
carnafisher	110	FR	Yes	
BahL0uL	21	FR	No	
DarkBreakwaterSaint	94	FR	Yes	
3pontinho	52	BR	Yes	
RRMC SASSY B	57	US	Yes	
guyver	67		No	
				
JonS	3	US	No	
light_stroke	68	ZA	Yes	
Femboy_Thighs	74	NL	Yes	
JAREKOKA	110	GB	Yes	
Buck-a-roo_32	73	US	Yes	
Xiztnc	54	PL	Yes	
Deerslayer465	91	US	Yes	
STRIPETBASS	100	US	Yes	
Spaz623	77	US	Yes	
Locomotiva_3	110	IT	Yes	
Piymav_na_matnyu	70	UA	No	
Bratiszka	34	PL	No	
				
JankoS420	59	PL	Yes	
Grummel	35	DE	Yes	
VeioTucunare	45	BR	Yes	
Samiel73	71	US	Yes	
Fishinggod678	25	US	Yes	
VEXQH-YT	49	US	Yes	
TheDestroyer143	8	US	Yes	
BigBassQc	28	CA	Yes	
Imiza04	42	MY	No	
				
krabNchous	109	UA	No	
sockenterrorist-	86	DE	Yes	
TheBigSkibidi	46	US	Yes	
JohnCarl	95	US	Yes	
				
FabulousFishFinderFreddy809	78	US	Yes	
Keeshot	77	AR	Yes	
VGB_Salvo63	108	IT	Yes	
Skinner	3		No	
				
danielittie	39	US	Yes	
jose26031999	87	ES	Yes	
jmcostarica	103	CR	No	
HuchenSohn69	86	AT	Yes	
Alpha_wolf_09	105		Yes	
Kaidusik	87	EE	Yes	
				
hambyl	47	US	Yes	
Busterg709	38	US	Yes	
Sprunkenstein	83	DE	Yes	
BrightBassCaptain24	72	US	Yes	
				
tw104506	29	TW	No	
bastku	110	PL	No	
				
SYLORYN	30	US	Yes	
				
Vangarion	56	CA	No	
CrucianCarpHard55	66	UA	Yes	
Sind_94	97	IT	Yes	
				
neex2k18	94	PL	Yes	
yet11223344	60	US	No	
Bassmoo22	61	CA	Yes	
FREROT	27	PT	Yes	
minoru1090	84	JP	Yes	
RAGNARlodbrock76	68	FR	Yes	
Tunawiz	87	US	Yes	
mario14lt	47	US	Yes	
WayzDaddy	31	US	Yes	
KC_S	50	US	Yes	
bedibb	54	PL	Yes	
Cachuu	40	BR	Yes	
avavao	13	BR	No	
Evergreen414	76	US	Yes	
Tekarov	68	FR	Yes	
PsychozZ_Ytt	10	FR	No	
Tutte_Fg	105	ES	Yes	
CobraHai	80	DE	Yes	
				
				
Fishingangus	94	GB	Yes	
				
expertfishingYT	80	AU	Yes	
Icant_fish	74	US	Yes	
TikTokEdujip	106	AR	Yes	
CzarusWedkarz	64	TR	Yes	
ROMSKI989	20	PL	No	
nmmiklos	31		Yes	
dry-soap2011	82	HR	No	
Teocatchesbass	15	US	Yes	
Suv4ko	110	BR	Yes	
AznSaiyan	102	NL	Yes	
				
rodney_mareco	44	PY	No	
BRENTTOBEANS	34	US	No	
Lone_Wolf_0101	110	US	Yes	
Tor93	110	ES	Yes	
UncleShad	73	AU	Yes	
bahz	83	US	Yes	
TKGM4642	25	US	No	
Sadpan	61		Yes	
elgatitoramon	88	AR	Yes	
Martian_Fisherman	60	BR	Yes	
Chapattack8135	77	US	Yes	
GillFister	29	US	Yes	
MurrZilla	78	US	Yes	
Alands	3		No	
TheDefinitionOfDepression	90	AU	Yes	
V2k2ng	94	GP	Yes	
				
Waste_catfish	62	KR	Yes	
ASlowSin	36	AU	Yes	
				
death_666_walker	108	AU	Yes	
Mayafisher	109	US	Yes	
DwayneXO	57	AU	Yes	
xxhopscotchxx	95	AR	Yes	
firesquad_youtub	55	US	Yes	
sharklicker85	58	US	Yes	
Non	3	TH	No	
iissmmaa195535	80	ES	Yes	
aronnTTv	80	ES	Yes	
betterhunter157	47	US	Yes	
Fernandogpxd	41	US	Yes	
klinsky	20	RU	Yes	
TTV_torva_messor1989	101		Yes	
Arvadawelder	46	US	Yes	
NoxaJ	3	AU	No	
FlysterGrilo29	53	BR	Yes	
ALPHAWOLF72	82		Yes	
Linedropper	110	US	Yes	
FabulousPerchSaint49	84	JP	No	
brenobernal	26	BR	No	
Colorswift	20		Yes	
QuickEelGovernor	53	ES	Yes	
PekRomArt	106	UA	Yes	
Behemothrav	60	ID	Yes	
AIPINN	84	BR	Yes	
VovaCatfishWinner	110	UA	Yes	
mazepaelpescador	71	AR	Yes	
Shibosu	61	PL	Yes	
PROJASSY5980	48	MX	Yes	
Ihavealargebush	14	ID	No	
SilverBeard	2	ID	No	
ShockZua	7	AR	No	
RybnikZen	56	UA	Yes	
Henry442	55		Yes	
Dr.Opupennies	51	DE	Yes	
DaRealBabyYoda	34	NL	Yes	
				
XW4D3X-	96	AU	Yes	
Zhafier	34	ID	Yes	
Suaminya_Towa	94	ID	Yes	
Alip_Mancing3	92	ID	Yes	
				
HINANO_HINANO	77	ID	Yes	
blueden	54	ID	Yes	
GetSomeDave	39	US	No	
PILOT_ON_BOARD	96	UA	Yes	
Humle158	41	DK	Yes	
BragO7	110	DE	Yes	
Muredan	21	ID	No	
				
Chisme	101	ES	Yes	
CaptTiber	64	SG	Yes	
TheOnlyChild	44	PH	Yes	
GloomyBayOutlaw	110	ES	Yes	
PepeLePewPew_87	56	BE	Yes	
NDargoZ	96	FR	Yes	
vliegheloic	60	BE	Yes	
lazza_mob	79	IT	Yes	
nogkugblw	110	UA	Yes	
The_Roaming	59	AU	Yes	
Invoker	23	DK	Yes	
Gooseman81	95		Yes	
hampig50	103	US	Yes	
				
hampig50	103	US	Yes	DUPLICATE
cortsie	43	AU	Yes	
				
				
smeer76	41	US	Yes	
LGD.Liu-su	102	CN	Yes	
				
XVrost	80	ID	Yes	
				
tomklopp75	93	DE	Yes	
baba34000	98	FR	Yes	
TERMINATOR_CCCP	86	RU	Yes	
KatWrangler	49	US	Yes	
KatWrangler	49	US	Yes	DUPLICATE
ChillMees2011	75	NL	Yes	
Akira_Aka_Wolf	2	RU	No	
WECKKULI	82	FI	Yes	
KleineEule	109	DE	Yes	
BlueKayakGenius2	32	IT	No	
				
theunrealisticpa	55	US	Yes	
				
Laquicazzzz	83	TH	Yes	
SandwIchill	109	CN	Yes	
Karyya	75	MY	Yes	
smarkk	110	DE	Yes	
Edukoi	107	BR	Yes	
frocek123	7	SI	No	
Edukoi	107	BR	Yes	DUPLICATE
illegaliguana	79	US	Yes	
Edukoi	107	BR	Yes	DUPLICATE
				
zh3ndosRYBAK	47	RU	Yes	
				
Dragonikow	23	DE	Yes	
jelonek71	65	PL	Yes	
x_Charlie_x	28	UA	No	
Evvvy3	27	CA	No	
IceNorth	74	SE	Yes	
GrumpyBrotter	90	US	Yes	
KRIT_T	42	UA	Yes	
				
OskiKokoski2009	54	PL	Yes	
T-Z	110	FR	Yes	
FluidSwellScoutUA	96	UA	Yes	
Visidiious	64	US	Yes	
Pla2uk1404	107	GB	Yes	
jorgehp6	46	ES	No	
soroinos	23	NL	No	
Kurvy	24	US	Yes	
SK_B_07	87	TH	Yes	
flanno2	110	GB	Yes	DUPLICATE
EmperorOfEvereste	95	US	Yes	
Va_Martynas	43	GB	Yes	
Azalkor	54	FR	Yes	
FerTurusca	59	ES	Yes	
				
				
McBoogerbowls	42	GB	Yes	
FIT_Clavale61	107	IT	Yes	
CJRavo89	92	GB	Yes	
SewerRatx	110	GB	Yes	
demoniome	61	FR	No	
DannSalvatore12	22	MY	No	
Bucko	3		No	
Tasta260	110	NO	Yes	DUPLICATE
				
U420A	76	IL	Yes	
JD2137	49	PL	Yes	
ga1078	96	US	No	
DiaBlodu33	64	FR	Yes	
lsauls	93	US	Yes	
Renzo4069	86	ID	Yes	
Graf-Drag-Cola	88	DE	Yes	
onry_old_lady	103	US	Yes	
				
Khaida	65	FI	Yes	
AdriMaxGames	63	ES	No	
Zubugames	99	BR	Yes	
tymek23	90	PL	Yes	
strett12	32	GB	No	
WFGlanny2	110	US	Yes	
Tone	2	US	No	
SoulBlanka	22	PR	No	
JuicyV2	73	GB	Yes	
KFRESH1016	79	US	Yes	
BB-sin-lime	102	JP	Yes	
KalloRix	19	DE	No	
quiberon1958	110	FR	Yes	
kekebalikci	22	GR	Yes	
SMBLOM	7	CA	No	
hyskillerhd	88	DE	Yes	
AyaNextDoor4556	60	ZA	Yes	
ssmith1969	31	US	Yes	
MuncaciuAlex	103	RO	Yes	
blanquito720	44	US	Yes	
Korean_LureKiller	108	KR	Yes	
MysticShadowZ	101	ZA	Yes	
				
DimasGG	106	UA	Yes	
DentalMango4	59	US	Yes	
jazzyktid	98	GB	Yes	
ProBassNotReally	108	US	No	
earthdistance	53	GB	Yes	
limppari	39	FI	Yes	
xEmpsku	40	FI	Yes	
Han_124	96	PL	Yes	
S1000RR_Norge	49	NO	Yes	
HamHands93	64	US	Yes	
				
sober_one80_	110	CA	Yes	
				
RICOX07	29	IT	Yes	
LtCarpBoss	31	LT	No	
Roich	34		Yes	
Beaviszilla	96	US	Yes	
rob	4	AU	No	
icyykills	28	SA	No	
				
H3ADHUNT3R2222	101	US	Yes	
Kiik4	52	FR	Yes	
Dav2sv	66	IT	Yes	
Cocta2485	53	HR	Yes	
Koruu	56	UA	Yes	
addymay121014	3	US	No	
StaryJanoo	87	SK	Yes	
ImMerty	89	US	Yes	
IamBlazey26	13	AU	No	
Rodeoenka	86	SK	Yes	
Soco2754	20	US	Yes	
				
HugeBassDaddy42	89	CA	Yes	
cadillac1	50	ES	Yes	
kippie4321	52	NL	Yes	
Thund3r_tave	66	IT	Yes	
ESCORPION7328	98	MX	Yes	
I_Bog_I	50	UA	Yes	
newish-ferry1234	18	GB	No	
tony21675	98	US	Yes	
KotRblBalov	21	RU	No	
GreenGlitch77	3	US	No	
salahdin	87	DZ	Yes	
schoby	104	DE	Yes	
78tcn	105	BB	Yes	
CptnLongstroke	74	US	Yes	
el_arsacio	110	ES	Yes	
Bigbuffdaddy007	107	US	Yes	
				
spookyboy2000	61	NL	Yes	
tabakinski	90	GE	Yes	
fartnugget62	36	US	No	
Alex	2	UA	No	
Justzen84	76	US	Yes	
reelvirtualoutdoors	84	US	Yes	
NagibatorKarasey3000	35	UA	No	
Its_Andre	43	US	Yes	
SrPuff	101	BR	Yes	
Marty81_cz	110		Yes	
				
Bassfisher2004	57	US	Yes	
claas8900	73	DE	Yes	
plavi0428	70	JP	No	
				
MototasmaFunkeiro	23	BR	Yes	
infernalspeed1	20	RO	No	
				
Bargearse	106	AU	Yes	
osiritaro_YOUTUBE	110	JP	Yes	
				
RebelRose	81	US	Yes	
FluidHarborDaddy	94	US	Yes	
Rain32	82	US	Yes	
Alex_Requena23	78	US	Yes	
MCNacho	33	DE	Yes	
bestcatchyet	86	US	Yes	
forgamen14	78	TH	Yes	
ScubaStef	60	US	Yes	
aqilpro	41	MY	No	DUPLICATE
				
TsukijanSensei	100	ID	Yes	
F0rtis	110	RS	Yes	
DarkPerchProphet43	53	US	Yes	
MAKEE17	77	ES	Yes	
Alex3632	73	ES	Yes	
Mangrove_Jack	109	AU	Yes	
				
				
DNBL	91	JP	Yes	
ChristoffersStoreKugler	86	DK	Yes	
Dr_esc_83	83	UA	Yes	
Lordie_23	53	AU	Yes	
				
NicoDarkBassGainer58	88	ES	Yes	
Holekko	110	PL	Yes	
PicanTeam-Carlos	110	ES	Yes	
GiganticBarnacleKozak	98	TR	Yes	DUPLICATE
Piban	48		Yes	
MidwayLeader409	53	US	Yes	
ExcellentShoreViking	110	ZA	Yes	
2000GT	84	JP	Yes	
BartonKiller001	19	FR	No	
HaydenGiveMeBabies	97	AU	Yes	
DaWiZkiD187	9	ZA	No	
xVectoRx	75	IN	Yes	
				
Adam-SUFC-_-	109	GB	Yes	
JHorn	70	ZA	Yes	DUPLICATE
PinkAsteroid	109	GB	No	
CeBeDe	106	FR	No	
MRiveraP	88	ES	Yes	
SoughtBody669	83	CZ	Yes	
CraKyOFFITOP	40	US	No	
Wendigo_ita	106	IT	Yes	
Chusge__	81	ES	Yes	
DuckeyTM	57	AU	Yes	
				DUPLICATE
MKOOL777	40	ZA	No	
AriltonV8	70	BR	Yes	
ChuRuLu	101	JP	Yes	
Fishing_Art	74	CU	No	
				
LucaDuro	33	IT	Yes	
				
Narcof_Garage	23	IT	Yes	
Tutel23e	8	PL	No	
Waterdeep70	46	GB	Yes	
				
YoanMTV	72	ES	Yes	
DigitalCoder	93	US	Yes	
loploplop	42	ID	No	
JaroslawBialy	50	PL	Yes	
				
DarkEventCaptain58	39	US	Yes	
FuliS099	45	ES	Yes	
sbs_sabras	15	GR	No	
BenAA95	77	US	Yes	
mbokne_ancok	97	ID	No	DUPLICATE
Mumpz	4	US	No	
import_jedi	100	US	Yes	
diegoydario832	70	ES	Yes	
BusiuGeras	63	LT	Yes	
				
floppingcarp1	82	US	Yes	
Chevylover223	34	US	No	
KeishaRose	100	CA	Yes	
ARPriyagung11	110	ID	Yes	
DON_MAIKOl	110	ES	Yes	
Lauris28	101	LV	Yes	
Xileg	31	UA	Yes	
juanpablo244	77	GB	Yes	
D0k1n3k	49	PL	Yes	
GertJM	64	NL	Yes	
				
macbull	48	ID	No	
Kesh0N_family	48	RU	Yes	
croky1000	83	EE	Yes	
Rikisi_no_Toiki7	88	JP	Yes	
BERLIOZLECHIANT	102	FR	Yes	
AnneStank	67	US	Yes	
angelvengador28	106	US	Yes	
j4ncuu	75	PL	Yes	
BeetKiller	25	CA	Yes	
sjclack	109	GB	Yes	
lux_tenebris19	63	IT	Yes	
ELD4R	77	BA	No	
Azo321	40	BA	Yes	
LPB_Lucifer	100	ES	Yes	
StulejoZaur	49		Yes	
Skyzero61	62	FR	Yes	
mrreflexwolfie	21	GB	Yes	
DziudoRok	69	LT	Yes	
TheYellow_Evo_8	35	AT	Yes	
A	1	CN	No	
Valetp	58	UA	No	
pinsquiccia	110	IT	Yes	
				
x2vi	75	PL	Yes	
CH0RIZ0_JR	92	FR	Yes	
FlouryImp	76	GB	Yes	
TheArtificer	85	US	Yes	
Jax_Teller_1471	29	GB	Yes	
TRhodes99	71	US	Yes	
FB-Spartacus	102	BE	Yes	
WembydaAlien	110	US	Yes	
				
crybaby_2008	49	EC	No	
Psykotic24	85	US	Yes	
BlackReefSaint	58	ES	No	
				
IrrationalWalleyeHunter	57	ES	No	
Z-Trizzle2000	72	US	Yes	
Potatodog212538	35	US	No	
ralph943	108	CA	Yes	
Zatumbik	107	US	Yes	
A1MZZ	91	US	Yes	
Garfild_UA	29	UA	Yes	
venom1987	48	US	Yes	DUPLICATE
CrakSkun	49	ES	Yes	
CarlosPac	86	BR	Yes	
Trausey1101	85	CA	Yes	
				
				
RancherRobb	28	CA	No	
Aurney	74	CA	Yes	
SlippingSole	57	CA	Yes	
				
MGsnake	2	CN	No	
n1nj4squirrel	61	US	Yes	
Ribread123NMS	76	NZ	Yes	
VibreOhMaSoeur	71	FR	Yes	
VibreOhMaSoeur	71	FR	Yes	DUPLICATE
Nitro4300	6	AU	No	
Klepon_Balappp	100	ID	Yes	
TH_Thitisak	106		Yes	
dying_league99	69	US	Yes	
HuGh_P333n	28	GB	Yes	
Hirai-Ren	28	ID	No	
				
				
owl43530	110	JP	Yes	
TutupDandang	105	ID	Yes	
				
Argonicus	78	UA	Yes	
PommesLP	75	DE	Yes	
RapalaProFisher	98	AT	Yes	
				
Venom134	106	LV	Yes	
Davimee_05	61	GB	Yes	
				
				
				
Antoinebre444	61	BE	Yes	
InCHIweTrust	95	US	Yes	
mr_krazi_fisher	50	SI	Yes	
freddy2440	82	FR	Yes	
C0RND0G	2	US	No	
				
Folding_Bulge	14	AU	No	
brado_serrano3	29	BR	No	
				DUPLICATE
Sunshine0369564	93	US	Yes	
dziki-obdyp	99	PL	Yes	
O.Azeitona	110	CH	Yes	
				
orageuxx	60	UA	Yes	
Bakssik	55	UA	Yes	
PH_Carpman99	103	AU	Yes	
falcon311	98	GB	Yes	
				
Goldenfisher38	88	PR	Yes	
TURNHAMM	60	GB	Yes	
FoxThorn	73	CZ	Yes	
hiddenleafs1	60	US	Yes	
BukoBeni	41	HU	No	
ricky-laFleur	83	CA	Yes	
koroku	22	BO	No	
kuroko023	57	BO	No	
PsyJail	57	CH	Yes	
				
EnormousGarHunter	21	ZA	No	
KingFisherman101	39	US	Yes	
AvaTheDino	75	US	Yes	
Thiagoof007	42		Yes	
Musushi	26	TH	Yes	
				
Masta_D	87	MY	Yes	
Grankhoudbeat	76	FR	Yes	
				
PostNutCig	66	US	Yes	
ExtraBright	75	ID	Yes	
yura0501	50	ID	Yes	
				
FishingMatt01	52	GB	No	
sidewinder937	96	US	Yes	
				
AnToNioPtR	51	RO	Yes	
unbreackablesol9	47	US	Yes	
TexasWerewolf86	105	US	Yes	
FoxconNnBG	100	BG	Yes	
TamsMan23	45	CA	Yes	
Chaoslord_Darknorth	77	NO	Yes	
				
Kozzakowsky	50	PL	Yes	
YUKAYRD	109	MX	Yes	
Mr.ChangLion_PT	93	PT	Yes	
KasiKamasoto	86	DE	Yes	
				
				
				
GTz TurboTurtle	110	CH	Yes	
Neverito	43	SE	Yes	
Nev0ne	108	ID	Yes	
TheShadows4966	36	GB	Yes	
				
Fishing_Guru68	106	GB	Yes	
BULLZZzz	22	BE	No	
RT_Naldo	91	BR	Yes	
PaulRottieDog	97	GB	Yes	
				
hanterxx_11	104	UA	Yes	
SplendidCarpMercenary	105	CA	No	
AchrafB	75	TN	No	DUPLICATE
KINGZARAKI87TV	61	IT	Yes	
IamBlazey26	13	AU	No	DUPLICATE
Benceft66	99	HU	Yes	
joca_mana	88		Yes	
loraporter1	98	US	Yes	
XxG3t_B4K3Dx	98	US	Yes	
Stump__Daddy	76	US	Yes	
ResoluteSnapSaint	19	US	No	
jasondadani	87	BR	Yes	
Daethren	17	CA	Yes	
danielmartinez	11	BO	No	
Hophead22	91	US	Yes	
Mini Mike328	85	GB	No	
				
lPipecl	95	UA	No	
RogueTiger13151	105	US	Yes	
aro7777777	110	JP	Yes	
Pla1n_AOS	53	ZA	Yes	
Patpaperpot	110	CA	Yes	
DarkMir	77	RU	No	
BottomFeederBog	103	AU	Yes	
LugoFishing	75	BR	Yes	
killakillz85	77	CA	Yes	
D103	68	GE	Yes	
corvan17	103	AR	Yes	
				
				
S1STER-F1STER	61	US	Yes	
Captian-Crunch	86	US	Yes	
cdv_cachi2022	80	AR	Yes	
The1Boosty	110	US	Yes	
Rushtize	83	ID	No	
BarryMicockiner	94		Yes	
0nlypriinzessiin	56	US	Yes	
Carnation16	53	TH	Yes	
Laquicazzzz	83	TH	Yes	DUPLICATE
ATFk1llsDogs	65	US	Yes	
				
WiraYoga	35	ID	No	
FeRo1823	51	PL	Yes	
PC_SpinPower	82	SA	Yes	
omarxd	86	GT	Yes	
twitch_b0rreg0chan	100	MX	Yes	
SkIeThOm	21	ZA	No	DUPLICATE
myriad_canoe9	54	UA	Yes	
Feramon4ik54	76	KZ	Yes	
Toretto8674	101	IT	Yes	
Herushim	80	BG	No	
crasher1275	26		Yes	
Fzaa1990TH	78	TH	Yes	
BlackBassMachine	30	AU	Yes	
NatalyRedFox	44	BY	No	
Blue	3		No	
				
Puncu	36	PL	Yes	
rybakantoni	68	PL	Yes	
				
YhanTheAngler	79	PH	Yes	
MDIOgre	35	US	Yes	
Not Swevy W	58	US	Yes	
wayne22_23	95	US	Yes	
stabe76600	90	FR	Yes	
Rijuuu	95	ID	Yes	
Paatriick	63	RO	Yes	
Amir_Zamas	101	MY	Yes	
KamuiUA	94	UA	Yes	
Gustyn112	84	DE	Yes	
kierontighe	84	GB	Yes	
				
Katzuja	76	DE	Yes	
Angelprofi20	88	DE	Yes	
ilike100	110	TW	Yes	
				
untidycaptain426	110	AE	Yes	
erik-kanciano	54	PL	Yes	
Brad3134	37	US	No	
				
Goliaths	65	US	Yes	
landed_popcorn21	40	US	Yes	
				
K1NG2981	49	US	Yes	
NatureBeast150	26	GB	No	
Amarula	105	ES	Yes	
GUMMY_KLEJZA	50	PL	Yes	
ChyaBrap	105	CA	Yes	
				
Diablogalaxi487	92	FR	Yes	
2_Ghost_1	94	UA	Yes	
Secretariat1717	110	CA	Yes	
OSMMrAFK	41		Yes	
CaptaintCrunch	74	US	Yes	
Coucoupolo4862	80	CA	Yes	
ShavieX	28	PL	Yes	
hydr4xx	103	PL	Yes	
PwnzTheArtist	28	RO	No	
Hogslayer01	33	US	Yes	
				
speedy	2		No	
AquariusSea	70	US	Yes	
Force_Element	87	US	Yes	
MrGreen420_3522	85	ZA	Yes	
				
Proud3083	76	US	Yes	
11VERMILLION	95	ID	Yes	
ReeLevan	40	US	Yes	DUPLICATE
lolohito	75	BR	Yes	
ProFisher619	55		Yes	
godyone1964	74	JP	Yes	
Destry	4	US	No	
TAQQAQ	108	TW	Yes	
				
lil_monster	34	PL	Yes	
J_3	110	SE	Yes	
				
shrubber	80	IT	Yes	
Cedric-02000	110	FR	Yes	
				
				
bart1492	50	FR	Yes	
				
				
xjorii	83	PL	Yes	
fett_finger	94	DE	Yes	
Etorrsc	83	EC	No	
scannerman	9		Yes	
Casadei	110	ID	Yes	
Kacper_Karpmistrz	69	PL	No	
fracaja	94	NL	Yes	
				
jankosek13	22	PL	Yes	
				
Spasamalake	105	DE	Yes	
				
I_COME_in_PEACE	101	ZA	Yes	
avlisAR	28	BR	No	
				
DeepHunter302	86	US	Yes	
ReeLevan	40	US	Yes	DUPLICATE
RaidedBYoff	70	US	Yes	
KeyWestFlorida	110	DE	Yes	
Blazingflamez101	18	AU	Yes	
Iceman21	51		Yes	
				
Cvm_Slvt69	75	US	Yes	
Ghost	27	UA	Yes	
				DUPLICATE
csabec1	58		Yes	
Bibio_258	6	HR	No	
yxtrx3	56	SG	Yes	
vadym.v	108	GB	No	
LKroll	47	DK	Yes	
				
Sigmaxx	58	FI	Yes	
PaperShark	39		Yes	
FarmerGus424	43	CA	Yes	
Lyczux	20	PL	No	
NomadMisfit	100	US	Yes	
GrayTroutBobber13	89	GB	Yes	
				
Trapper101047	63	US	Yes	
Official_held	92	DE	Yes	
Pescadordelobo	5		No	
D_Sonny89	103	IT	Yes	
LOCOL99	61	AR	No	
ericeazye1967	110	NL	Yes	
GooseTownGov	71	US	Yes	
bensix	20	BE	Yes	
romanker456	58	ES	No	
Inumakis4474	35	AR	Yes	
ayson	73		Yes	
Vendetta	2		No	
Dr1zzyDrake	68	US	Yes	DUPLICATE
Franck.59	43	FR	No	
john4r23	91		Yes	
canadiangirl	2	CA	No	
jhonatan06	91		Yes	
ShawlineAdventures	72	AU	Yes	
Siu1Maai2Lou2	42	AU	No	
johnnysteph	26	FR	Yes	
Neremsa	98	BE	Yes	
Bud_Weedfish	64	US	Yes	
Mast3rBait3r88	99	US	Yes	
RP_Han	108	ID	Yes	
vIct0r407	71	ES	Yes	
JeremyWade000	34	IT	No	
Bullet240Hz	83	ES	Yes	
AnglingPanda	56	ZA	Yes	
5L1C3R	40		Yes	
				
Komandor_Karas	71	PL	Yes	
Ruca	55		Yes	
				
TunaSplash	74	IT	Yes	
bussssss007	110	US	Yes	
Galletita13	108	ES	Yes	
mustaev	106		Yes	
Piolgntng	100	ID	Yes	
kanette45	66		Yes	
WaluyoPancing	88	ID	Yes	
imGatlin	101	US	Yes	
Wahnfried	42	DE	Yes	
MUERE RATA1993	110	ES	Yes	DUPLICATE
BlackEelSamurai	24	US	No	
BIGCOB	67	US	Yes	
				
gman1125	68	US	Yes	
FaKe_angelitoo	83	ES	Yes	
jayblaster1090	44	US	Yes	
sumik_karlowaty.pl50612.poland	67	PL	Yes	
EnemyBaker95664	109	US	Yes	
kataszi_gg	96	PL	Yes	
				
				
ThE_BiGKIERAN	24	GB	Yes	
Bonakidman	42	NZ	Yes	
Justin718	24	US	Yes	
VenomSS	54		Yes	
Puppybugac	67	GB	Yes	
				
PyrateDave	19		No	
TokiGlassBlower	106	US	Yes	
				
				
SnookDogg76	86	NL	Yes	
Soulwalker92	65	DE	Yes	
Marke46	110	DE	Yes	
calingh1	110	RO	Yes	
Kesmo	21	DE	Yes	
Apical420	59	PL	No	
SupernaturalCarpBreaker	65	US	Yes	
Wolf_Maitresse	48	FR	Yes	
drakoland	85	BE	Yes	
BIG-7MM	77	AU	Yes	
Mattix	6	PL	No	
makos156	49	PL	Yes	
Genketh	43	SE	Yes	
Indominus_Game	11	US	No	
Kroelle_Boelles_Freund	95		Yes	
Nomad0826	75	CA	Yes	
				
VGB_Luc	110	IT	Yes	DUPLICATE
Koi3615	108	FR	Yes	
MapsTheBassEater	49	AR	Yes	
Exodus62	10	US	No	
Becherovka	24	VE	No	
jonki	3		No	
sam	67	GB	Yes	
hellfirebunny	84	BE	Yes	
NovaxFrost	87		Yes	
AbrahamHu	72	CN	Yes	
ChillingDoor8	37	US	Yes	
hairrierb32	76	US	Yes	
ballsucker2096	18	AU	No	
Oniis	69		Yes	
Katanzy	51	MX	No	
Bass2Mouth1432	36	US	Yes	
Stre90	22	DE	Yes	
Nomad2_1	75	US	Yes	
				
Skeggio	38	NL	Yes	
marcho22	51	ES	Yes	
				
kristhegote	55	AU	Yes	
GodInuyasha	62		Yes	
Heinz-Harald	70	ID	No	
RdZ09	17	SK	Yes	
CunningFoxAVO	78		Yes	
				
Grizon777	108	UA	Yes	
muppet_1	57	AU	Yes	
TAX	8	ID	No	
BurnVictim666	94	US	Yes	
CWOViperGhost	91	US	Yes	
Himmelfahrt	28	UA	No	
FitaSuperAderente	30	BR	Yes	
Doom_Ray	66	UA	Yes	
Hunter0007	51	DE	Yes	
ParappaZG	88	HR	Yes	
panda-magic	58	AU	Yes	
				
NikitaKarpPc	35	FR	No	
rubberchicken861	45	US	No	
kuba3421	30	PL	Yes	
StachuZjadaczKarpii	15	PL	No	
TripyChoco	37	RO	No	
Ledolian	104		Yes	
STshane	57	NA	Yes	
				
xDav1800	106	IT	Yes	
MadHat421	75	US	Yes	
